policy/LossBefore,PolicyExecTime,Iteration,NumTrajs,MaxReturn,Extras/EpisodeRewardMean,Perplexity,policy/Entropy,LinearFeatureBaseline/ExplainedVariance,ProcessExecTime,policy/KLBefore,EnvExecTime,StdReturn,policy/KL,policy/LossAfter,AverageReturn,policy/dLoss,Entropy,AverageDiscountedReturn,MinReturn
-1.2856555713369744e-06,0.43750810623168945,0,256,45.0,15.86,1.865130578689741,0.64165515,-3.1923966137270554e-08,0.0189056396484375,0.0,0.05499863624572754,6.527286476783442,0.0038413878,-0.0008444454870186746,15.6875,0.0008431598314473376,0.6233310660280554,14.409245130779523,8.0
1.313977726624671e-08,0.35605835914611816,1,266,59.0,15.13,1.895876974738199,0.6573824,0.40521508152755226,0.01810622215270996,0.0,0.05170869827270508,6.1180419248925135,0.009002366,-0.04051210731267929,15.075187969924812,0.04051212045245656,0.6396815149861381,13.904395513129025,8.0
